"id","created_at","shortcode","video_view_count","is_video","video_duration","type","display_url","image_height","image_width","caption","comment_count","comments","title","likes"
"2269782931998452697",1584799232,"B9_440DAyvZ",,false,,"GraphImage","https://scontent-sea1-1.cdninstagram.com/v/t51.2885-15/e35/90091294_637912646995198_7893800155858118787_n.jpg?_nc_ht=scontent-sea1-1.cdninstagram.com&_nc_cat=1&_nc_ohc=TSQ-3ZRzZUsAX_gcSYI&oh=91fbbcc1864ea96dda81e65f6021512d&oe=5EB1A37C",1350,1080,"Now more than ever we are one team.‚†Ä#playinside #playfortheworld",4562,,"",657224
"2265585036569142961",1584298804,"B9w-ZZRJOax",,false,,"GraphImage","https://scontent-sea1-1.cdninstagram.com/v/t51.2885-15/e35/p1080x1080/90320614_675556559858057_5844024962181201547_n.jpg?_nc_ht=scontent-sea1-1.cdninstagram.com&_nc_cat=1&_nc_ohc=3Yxn0xDHh9oAX80kauH&oh=bec1ad709bc652680a37dc01964982ef&oe=5EB3BAE3",1345,1080,"With love Your Nike Family",3980,,"",719704
"2254653325366294459",1582995760,"B9KI0D2HHe7",1330577,true,,"GraphVideo","https://scontent-sea1-1.cdninstagram.com/v/t51.2885-15/e35/87637301_2256498334644765_684815967856694836_n.jpg?_nc_ht=scontent-sea1-1.cdninstagram.com&_nc_cat=1&_nc_ohc=nXcMXtxXHnYAX9hnObN&oh=619c386c74ad0c6ca62ecfbf2f19c4a8&oe=5E8ABC8E",1680,1080,"‚†Ä‚†Ä‚ÄúI think it is really important for black women to see themselves in others. We need to start sharing our stories more. We need to find ways to support each other talk about hair and running because my gosh it‚Äôs hard. And also celebrate each other.‚Äù - @j_nesi‚†ÄThe final episode of the Common Thread series with Uninterrupted highlights those who relentlessly go forward together from the track to the streets. Celebrating the power of sport to create community inclusivity and sisterhood athletes @vashtizzle Jasmine Nesi of @rungrlco and @sahraisha of¬†@asra.club emphasize how our strides are united moving through a marathon of collective progress.¬†#BHM #UntilWeAllWin‚†Äüó£Ô∏è:¬†Vashti Cunninghamüé•:¬†@childotu",1899,,"",144783
"2252419218006069731",1582729316,"B9CM1hOg9Hj",,false,,"GraphImage","https://scontent-sea1-1.cdninstagram.com/v/t51.2885-15/e35/p1080x1080/83624360_101286694785356_852825967435368066_n.jpg?_nc_ht=scontent-sea1-1.cdninstagram.com&_nc_cat=1&_nc_ohc=etFWFdIYTZ0AX8SeBlW&oh=731f00a1b028dc2c554dd226885cea63&oe=5EB3D506",1350,1080,"They wanted you to smile more.They wanted you to be more polite.They wanted you to scream a little softer.They wanted you to be less aggressive when you won.They wanted you to walk away when you made mistakes.But instead of just becoming the player the game wanted?You became the player it needed.",3687,,"",730374
"2251057255648847627",1582567203,"B89XKW8A-cL",2088617,true,,"GraphVideo","https://scontent-sea1-1.cdninstagram.com/v/t51.2885-15/e35/85162532_197013811505159_5978252239205949044_n.jpg?_nc_ht=scontent-sea1-1.cdninstagram.com&_nc_cat=1&_nc_ohc=lY6FWMUz1qYAX8f39Rl&oh=052b007b7a729b6daef62f10800f72a7&oe=5E8AB275",1333,750,"‚†Ä‚†Ä(sound on)",2647,,"",359057
"2248853924255850395",1582304409,"B81iLqrA1-b",1187083,true,,"GraphVideo","https://scontent-sea1-1.cdninstagram.com/v/t51.2885-15/e35/85116402_785435105277134_6512168519589830096_n.jpg?_nc_ht=scontent-sea1-1.cdninstagram.com&_nc_cat=1&_nc_ohc=r22VxhDh_o4AX-aV_n0&oh=ec7ec1758c74ab4bf27837737df49a5e&oe=5E8AFB0C",1680,1080,"‚†Ä‚†Ä‚ÄúMy color doesn‚Äôt stop me from doing what I want to do. We‚Äôre all playing with the same ball we‚Äôre playing with eleven players on each side. Football isn‚Äôt made for a certain person. Football is a universal language anyone can play it.‚Äù - Debra Nelson‚†ÄThe second episode of the Common Thread series featuring Debra Nelson (@FootballBeyondBorders) @its_kairabaaa (@fcharlem) and @cdunn19 (@uswnt) focuses on sport‚Äôs ability to transcend borders and boundaries with something as simple as a ball and a goal.‚†Äüó£Ô∏è: Crystal Dunnüé•: @childotu",793,,"",136465
"2245954315422484080",1581958814,"B8rO4zgg0Zw",1052495,true,,"GraphVideo","https://scontent-sea1-1.cdninstagram.com/v/t51.2885-15/e35/84334633_122762082493122_1886334890801943623_n.jpg?_nc_ht=scontent-sea1-1.cdninstagram.com&_nc_cat=1&_nc_ohc=vAB9C6LfRr4AX84hn4D&oh=dc7efdb22bfbbfaffc6830b79b73dd23&oe=5E8B09F8",1680,1080,"‚†Ä‚†Ä‚ÄúRepresentation matters and you can‚Äôt become something that you don‚Äôt see.‚Äù - @Ingridsilva‚†ÄTogether a prodigy from Brazil who became the face of modern ballet and a young dancer in Florida uplifting anyone who sees him move are united by a common thread.‚†ÄThe first episode of the Common Thread series focuses on representation in sport with athletes Ingrid Silva and @alexanderrthomass¬†showing the next generation what is possible when we believe our passions cannot be limited and no barriers can hold us back. #UntilWeAllWin‚†Äüó£Ô∏è:¬†@serenawilliamsüé•:¬†@childotu",1010,,"",135211
"2241027351541749690",1581371664,"B8ZuoC0lJe6",1124962,true,,"GraphVideo","https://scontent-sea1-1.cdninstagram.com/v/t51.2885-15/e35/84471941_495085728086974_7097201194099133267_n.jpg?_nc_ht=scontent-sea1-1.cdninstagram.com&_nc_cat=1&_nc_ohc=dIDbIU-WSsoAX8vCJsL&oh=3fdf4a37c4c6b04b58c97ff2a695bc4c&oe=5E8B50B9",1680,1080,"‚†Ä‚ÄúIt doesn‚Äôt matter if you‚Äôre in a wheelchair in your 80s or what race or gender you are. Everybody can play tennis.‚Äù - @dylanalcott‚†ÄDylan is more than a top tennis player. He has used his success on the court as a vehicle to challenge perceptions about disabled people and push for inclusivity universally. ‚ÄúIf you have a body you really are an athlete‚Äù says Dylan.‚†ÄThis is how you change the game. #justdoit",1076,,"",118237
"2237369464737944531",1580935276,"B8Mu6yRAtPT",1160128,true,,"GraphVideo","https://scontent-sea1-1.cdninstagram.com/v/t51.2885-15/e35/82586791_2881560555221050_5929884808085170060_n.jpg?_nc_ht=scontent-sea1-1.cdninstagram.com&_nc_cat=1&_nc_ohc=Hxi8UgBB9EYAX_tTTAn&oh=321ab506cf210f23e4f24efd784223f0&oe=5E8AE1CD",421,750,"The Future of Sport is here. #Nike2020‚†ÄHead to our link in bio to join us.",1512,,"",173724
"2235083368905621925",1580662881,"B8EnHtnAMGl",2268475,true,,"GraphVideo","https://scontent-sea1-1.cdninstagram.com/v/t51.2885-15/e35/83827726_272218273748183_6507427836288589959_n.jpg?_nc_ht=scontent-sea1-1.cdninstagram.com&_nc_cat=1&_nc_ohc=jk3MmARaUg0AX_lqH7j&oh=67423d784fc045254e5bf4bb883d4b4f&oe=5E8B2E53",1681,1080,"‚ÄúAt first my abuela she didn‚Äôt get it. ‚ÄòDalia it‚Äôs too rough for a girl. Your mom was a cheerleader ‚Äì why don‚Äôt you be a cheerleader?‚Äô Football is where I get my strength. Where I prove that nothing is off-limits. Where I can be whatever I want.‚Äù‚†ÄDalia Hurtado‚Äôs family had specific expectations of her: Work hard get good grades and follow in her mother‚Äôs footsteps as a cheerleader. But cheering on the sideline was never an option for Dalia.‚†ÄAs a kid in Mexico she was the only girl who would play soccer with the boys and after moving back to East LA with her abuela she set her sights on football. At 16 she became the only girl to make the varsity team at her high school. Two years later she‚Äôs inspired more girls to play football at her high school.‚†ÄThrough football Dalia is re-writing the story her family wrote for her breaking through stereotypes and empowering her community to do the same ‚Äì one game at a time.",1523,,"",259573
"2230193314337023531",1580079782,"B7zPQDZgmYr",,false,,"GraphImage","https://scontent-sea1-1.cdninstagram.com/v/t51.2885-15/e35/81889768_928501960878627_3294658706574900916_n.jpg?_nc_ht=scontent-sea1-1.cdninstagram.com&_nc_cat=1&_nc_ohc=7nacIU3AlP4AX883Cxl&oh=8b80050c9e51451fe439e5cf896b7d01&oe=5EB074DB",1351,1080,"Mamba forever.Our condolences to Kobe and Gianna's family and everyone involved in today‚Äôs tragedy.",11375,,"",2280986
"2222762584271170452",1579194050,"B7Y1ssvgyuU",935523,true,,"GraphVideo","https://scontent-sea1-1.cdninstagram.com/v/t51.2885-15/e35/81666222_118322823021850_1444488109880208766_n.jpg?_nc_ht=scontent-sea1-1.cdninstagram.com&_nc_cat=110&_nc_ohc=X2llABsIWx4AX-GO20U&oh=5435b402e86998a1942bbc6b5a5fbfdc&oe=5E8AC549",937,750,"‚ÄúEveryone deserves the right to be well. It‚Äôs just a matter of investing in it.‚Äù¬†@nicoleacardoza is invested in helping close the wellness gap.‚†ÄThanks to a donation based yoga class in college Nicole was able to feel at home in her body for the first time. Ever since she‚Äôs made it her mission to help others experience the same.‚†ÄWhether introducing kids to mindfulness in school through @yogaFoster or investing in underestimated entrepreneurs through @ReclamationVentures she‚Äôs helping change the landscape of wellness for good.‚†ÄBecause Yoga should not have a type. Yoga is for all.",1531,,"",130091
"2204644201742867139",1577034090,"B6YeDiFAhrD",,false,,"GraphSidecar","https://scontent-sea1-1.cdninstagram.com/v/t51.2885-15/e35/p1080x1080/78711356_553447798836406_1537828660669535077_n.jpg?_nc_ht=scontent-sea1-1.cdninstagram.com&_nc_cat=1&_nc_ohc=rRLGilkGap0AX-ZeazF&oh=bb206fd963fe422313458c9407d8adad&oe=5EB31DAB",1350,1080,"‚ÄúWhen we started to play we were in elementary school we must‚Äôve been around 12 years old. And well we‚Äôre still together.‚Äù - AdelaMeet Hoops Abuelas a crew of 16 women proving the only number that really matters is the one on your jersey. Hailing from Orizaba Mexico the team has been playing since 1952 and credits their skills values and sisterhood for keeping them strong for the past 67 years. #JustDoIt ‚†ÄWatch ‚ÄúIn Good Company: Hoops Abuelas‚Äù on @nikewomen‚Äôs IGTV.‚†Äüé•: @changeme2012üì∏: @asdavidelliott",3829,,"",444807
"2202417532487520187",1576768688,"B6QjxOvAs-7",6771647,true,,"GraphVideo","https://scontent-sea1-1.cdninstagram.com/v/t51.2885-15/e35/72477686_296327264624218_8746508157768777510_n.jpg?_nc_ht=scontent-sea1-1.cdninstagram.com&_nc_cat=110&_nc_ohc=Gm_6LsMzYVAAX8ZaUdr&oh=4aba4b75382059a9a019789b28668cdd&oe=5E8AB3C7",937,750,"Just a kid from Akron building a legacy that extends far beyond the basketball court.‚†Ä@kingjames is using the power of sport to help change the game for every kid from Akron and beyond. His story will never be repeated and that's exactly the point. #JustDoIt",3531,,"",472909
"2196670087019181685",1576083595,"B58I85BgTZ1",1109647,true,,"GraphVideo","https://scontent-sea1-1.cdninstagram.com/v/t51.2885-15/e35/75196137_152863659380161_4063567567026777706_n.jpg?_nc_ht=scontent-sea1-1.cdninstagram.com&_nc_cat=101&_nc_ohc=t9rvoHWblLcAX_BR1sH&oh=a61710dff4a0edc916f5b79472a11f39&oe=5E8ACF1C",1137,640,"‚ÄúWe‚Äôre brothers we shared the same room when we were kids. The fact that there were two future players in that same room who would be lucky to have great careers is remarkable.‚Äù¬†- @marcgasol‚†Ä‚ÄúIt is a lot of fun. We just feel so lucky you know. That two brothers doing what we love at the level that we have achieved it‚Äôs very rare.‚Äù - @paugasol‚†ÄPau and Marc Gasol first picked up a basketball in a small suburb of Barcelona Sant Boi De Llobregat. From here they would start their journey to the NBA FIBA World Championships and their ultimate goal ‚Äì inspiring the next generation to live a healthier lifestyle.‚†ÄWhether through the Gasol Foundation or Basquet Girona the Gasol brothers know their legacy is bigger than basketball.‚†ÄThis is their Birthplace of Dreams. #justdoit",2072,,"",145001
"2195728563464882432",1575971263,"B54y364gMkA",,false,,"GraphSidecar","https://scontent-sea1-1.cdninstagram.com/v/t51.2885-15/e35/p1080x1080/73214329_808735302901392_1204144180847762933_n.jpg?_nc_ht=scontent-sea1-1.cdninstagram.com&_nc_cat=100&_nc_ohc=bVFS5JCDRtQAX-oJzgv&oh=09c1cbe82819560966abade467196a20&oe=5EB3979E",1350,1080,"‚ÄúWhen I‚Äôm swimming I‚Äôm living in the moment. I‚Äôm so mindful I just connect with nature.‚Äù - @redseacitizen Scuba Diving InstructorOne dive and Nouf Alosaimi was hooked. Now she‚Äôs an instructor teaching women how to scuba dive and showing the world how to protect our oceans. #justdoit",2925,,"",522352
"2189326084615504205",1575208336,"B5iDHlzAQFN",1564051,true,,"GraphVideo","https://scontent-sea1-1.cdninstagram.com/v/t51.2885-15/e35/74891096_2388978038034460_1776632982158425248_n.jpg?_nc_ht=scontent-sea1-1.cdninstagram.com&_nc_cat=104&_nc_ohc=sJJIoBGl4vEAX-nd3cB&oh=3d30a600bfdeed3cc1415dfaba33c5e4&oe=5E8B17E3",1679,1080,"‚†Ä‚†Ä‚ÄúI was born in Breda but it's the things I‚Äôve overcome on my journey from there that have made me the player I am today."" - @virgilvandijkVirgil Van Dijk was a football-obsessed kid playing on cage courts near his southern Holland home.Years later and with many challenges overcome he's a European Champion and recognized as the world‚Äôs best defender.This is his Birthplace of Dreams. #justdoit",2097,,"",198217
"2186468067003990850",1574867367,"B5X5R9eggNC",8712753,true,,"GraphVideo","https://scontent-sea1-1.cdninstagram.com/v/t51.2885-15/e35/74529551_528378061049510_775916177512716015_n.jpg?_nc_ht=scontent-sea1-1.cdninstagram.com&_nc_cat=1&_nc_ohc=zOFsbiBvjG4AX9NCIij&oh=5b163b514f065573f19c2becd0bc1bb6&oe=5E8AE5E2",937,750,"""Everyone thinks I carry her but she's the one carrying me.""‚†Ä@de11edonne is an All-Star a two-time MVP a gold medalist a WNBA champion and a sister on a mission to make sport more accessible for every athlete. #JustDoIt",10088,,"",741535
"2181326115715614296",1574254480,"B5FoIuKgwZY",978407,true,,"GraphVideo","https://scontent-sea1-1.cdninstagram.com/v/t51.2885-15/e35/74526573_752837888473951_1437786876370721961_n.jpg?_nc_ht=scontent-sea1-1.cdninstagram.com&_nc_cat=107&_nc_ohc=KCljQLJcxcgAX-34wBu&oh=69b4acc10e88768dbb3d97b11a640004&oe=5E8B01F6",1680,1080,"‚ÄúAll dreams come from here they come from the dust.‚Äù¬†-¬†@castersemenya800m ‚Å£‚Å£Caster‚Äôs dream started on the dusty roads of rural Limpopo on the track in Polokwane and on the podiums of the world‚Äôs biggest stages. ‚Å£‚Å£But before that it started with family respect and self-belief. ‚Å£‚Å£Now Caster is starting the dream again with her newly founded athletics club @Masai_AC.‚Å£‚Å£This is her Birthplace of Dreams.",2263,,"",148947
"2180243214831948161",1574125418,"B5Bx6cIA5GB",1132218,true,,"GraphVideo","https://scontent-sea1-1.cdninstagram.com/v/t51.2885-15/e35/74662511_934008030304016_4026582879968232331_n.jpg?_nc_ht=scontent-sea1-1.cdninstagram.com&_nc_cat=1&_nc_ohc=vK3V_lLqmscAX9_w7ph&oh=098a6154d04b2b3a9df4f4a35e7b3ad0&oe=5E8B10CB",1680,1080,"‚ÄúIt seemed too far too crazy too hard. But we never thought it was impossible.‚Äù‚†ÄThai superstars @rachwinwong and @artiwara ran over 2000 kilometers across Thailand ‚Äì that‚Äôs one marathon a day for 55 days ‚Äì to raise awareness about the country‚Äôs healthcare problems.‚†ÄBut this was not the only finish line out there for them. It‚Äôs just the start of their crazy dream to change the world for the better one run at a time. #justdoit",1004,,"",157925
"2174942918710755183",1573493461,"B4u8w-sgX9v",872665,true,,"GraphVideo","https://scontent-sea1-1.cdninstagram.com/v/t51.2885-15/e35/72070060_1000419873656865_7400592519473497513_n.jpg?_nc_ht=scontent-sea1-1.cdninstagram.com&_nc_cat=109&_nc_ohc=RertSBmdBhkAX94eJB9&oh=4583fb444f1cd14e47cc7c69c5a78d3a&oe=5E8B3486",1682,1080,"‚ÄúIf you‚Äôve got a wall in your way don‚Äôt jump over it. Knock it down.‚Äù @shaquem_griffin‚†ÄSome see an obstacle and go around it. Shaquem goes through it. Collaborating with the team at Nike a customized football cleat was developed that can provide the opportunity for every athlete do the same. #FlyEase",6023,,"",138461
"2171301399214711592",1573059522,"B4iAx5YgGMo",952160,true,,"GraphVideo","https://scontent-sea1-1.cdninstagram.com/v/t51.2885-15/e35/72954492_2463713827205173_5764728633439878834_n.jpg?_nc_ht=scontent-sea1-1.cdninstagram.com&_nc_cat=101&_nc_ohc=wdfWLDdI-VwAX-AOj3t&oh=16092277fb399ecb128c43181a76be99&oe=5E8AEAAD",1681,1080,"‚ÄúBefore I was Saquon Barkley the football player these are the people who loved me first.‚Äù - @saquon‚†ÄIf you want to know who Saquon Barkley is you‚Äôve got to go way back.‚†ÄBack before he won the NFL's Rookie of the Year award. Before he became Penn State rushing royalty. Even before he ran into Whitehall High School‚Äôs record books.‚†ÄBefore all of that Saquon's story began on the blacktop of The Bronx.‚†ÄThis is his Birthplace of Dreams. #justdoit",1347,,"",146773
"2169953950516669013",1572898759,"B4dOZ7_gGpV",888202,true,,"GraphVideo","https://scontent-sea1-1.cdninstagram.com/v/t51.2885-15/e35/72978752_159148805289012_6452630605219772564_n.jpg?_nc_ht=scontent-sea1-1.cdninstagram.com&_nc_cat=100&_nc_ohc=Q3acbkn8eNgAX9aootZ&oh=b1c1275bbf2d703ddf70f4984eee714e&oe=5E8AFDD7",747,480,"Helden features a new generation of German athletes who work hard on and off the pitch on the track and in their communities.  They don‚Äôt just focus on the win they pave the way for others and push culture in a positive direction.‚†ÄWe believe in a world in which everyone can become a hero leveraging the powerful platform sport provides to those who speak up.‚†ÄYou never do it just for yourself.(Du tust es nie nur f√ºr dich.)#justdoit",938,,"",132866
"2156114887091191794",1571248945,"B3sDxD0AH_y",,false,,"GraphSidecar","https://scontent-sea1-1.cdninstagram.com/v/t51.2885-15/e35/p1080x1080/73420434_228266108157833_9097010966785707175_n.jpg?_nc_ht=scontent-sea1-1.cdninstagram.com&_nc_cat=105&_nc_ohc=CcTzB7AtJnQAX9tUUGo&oh=5c28f07d68f32771de55f876493f8efd&oe=5EB42DF9",1350,1080,"‚ÄúPeople going through these kind of struggles need support‚Ä¶ For 17 years I struggled with my sexuality. When I was in college I used to cry to my best friend because I didn‚Äôt feel like I belonged like the guys on the team didn‚Äôt like me. My best friend told me to be yourself go out there and work hard and that‚Äôs what I did on the track because I had something to prove I didn‚Äôt let that circumstance define who I was.‚Äù @KerronClement‚†ÄOn National Coming Out Day we celebrated safe inclusive spaces for LGBTQIA+ athletes and the power of sport for all at the LA City College Track. #BETRUE #UntilWeAllWin",1403,,"",307261
"2154708594161915212",1571081302,"B3nEAzdgJVM",,false,,"GraphImage","https://scontent-sea1-1.cdninstagram.com/v/t51.2885-15/e35/p1080x1080/70946247_1239436956240685_6529072216819443109_n.jpg?_nc_ht=scontent-sea1-1.cdninstagram.com&_nc_cat=101&_nc_ohc=c5v3QCnRz5EAX80nUBz&oh=25505f5956cee810547f2d8e44452ecc&oe=5EB16DBC",1348,1080,"‚ÄúI kept saying ‚Äòtomorrow is my day.‚Äô I wanted to be the second @kipchogeeliud ‚Äî the Kipchoge for women. I focused on that.‚Äù‚†ÄAt 25 years old #BrigidKosgei is now the fastest woman on earth. In a weekend of broken barriers Brigid shattered @paula_radcliffe‚Äôs 16-year-old marathon world record by 81 seconds.‚†ÄDon‚Äôt change your dreams change the world‚Ä¶ And the world record while you‚Äôre at it. #justdoit",1026,,"",198635
"2153892023806190295",1570983959,"B3kKWJDg-LX",,false,,"GraphImage","https://scontent-sea1-1.cdninstagram.com/v/t51.2885-15/e35/p1080x1080/72975737_175349856847522_7771492535081860352_n.jpg?_nc_ht=scontent-sea1-1.cdninstagram.com&_nc_cat=110&_nc_ohc=w2fvqmo9uaEAX8xtHek&oh=a33015dfdea8d2ed174385b7aeb0557f&oe=5EB33E88",1350,1080,"‚ÄúSmiling doesn‚Äôt win you gold medals.‚Äù - @simonebilesIt‚Äôs Simone‚Äôs intense focus energy and relentless drive that have made her the best to ever do it. And by testing her own limits once again this week at the World Championships she now has 25 medals ‚Äî making her the most decorated world champion in gymnastics history. #üêê #justdoit",1117,,"",326354
"2152973847148803536",1570874504,"B3g5k6aArXQ",,false,,"GraphImage","https://scontent-sea1-1.cdninstagram.com/v/t51.2885-15/e35/p1080x1080/70764293_470981736832912_583344316106293708_n.jpg?_nc_ht=scontent-sea1-1.cdninstagram.com&_nc_cat=104&_nc_ohc=jwu_lOtXmycAX_5vOru&oh=bbf75bcdca3e2489103b7520e401a72a&oe=5EB1D031",1350,1080,"‚ÄúI run to prove to any human in this universe that there are no limitations.‚Äù @kipchogeeliud A crazy dream come true ‚Äî Eliud Kipchoge becomes the world‚Äôs first to run a marathon in under two hours. #justdoit",2274,,"",550677
"2150864765541467679",1570623082,"B3ZaBvGAMYf",,false,,"GraphSidecar","https://scontent-sea1-1.cdninstagram.com/v/t51.2885-15/e35/p1080x1080/71340327_140215373924249_111543676280959551_n.jpg?_nc_ht=scontent-sea1-1.cdninstagram.com&_nc_cat=105&_nc_ohc=kgxPU-tExBgAX8WQvkk&oh=4725c121b0fc1967db73218a77c9ef7d&oe=5EB230B1",1350,1080,"""Players are role models for a lot of people. You know once you get on a football field to see all of the different backgrounds on each team it's quite a remarkable thing. I do think that sport football plays a big role."" - @sterling7‚†ÄRaheem Sterling Marcus Rashford and Tammy Abraham celebrate Black History Month UK and stand together as more than teammates.‚†ÄUntil we all win. #justdoit",1118,,"",321382
"2128790556225214903",1567991631,"B2K-7tpApm3",,false,,"GraphImage","https://scontent-sea1-1.cdninstagram.com/v/t51.2885-15/e35/p1080x1080/68660769_413814959273048_3115377191912659715_n.jpg?_nc_ht=scontent-sea1-1.cdninstagram.com&_nc_cat=108&_nc_ohc=pjoDnDj1bUcAX82Xrff&oh=3c986606a2be9df0b78c60d8406b55df&oe=5EB199C0",1350,1080,"‚ÄúYour dream starts as a kid. You get older and your aspirations grow because you believe you can do it.‚Äù -@rafaelnadal‚†ÄRafa wins his 19th major. One shy of tying the all-time men‚Äôs record. #justdoit",2460,,"",392112
"2121992636859419453",1567181256,"B1y1Q94AAs9",,false,,"GraphImage","https://scontent-sea1-1.cdninstagram.com/v/t51.2885-15/e35/p1080x1080/67918327_2349948281893959_3366804933258344510_n.jpg?_nc_ht=scontent-sea1-1.cdninstagram.com&_nc_cat=103&_nc_ohc=mPUid0giS04AX9GiYOO&oh=0148bf677f0bf56481f42d37975b6bed&oe=5EB0A2A6",1350,1080,"‚ÄúOur team is younger and more aggressive than before. We need to show the fighting spirit in the game. We‚Äôre hoping to influence the whole game through a positive mindset and contribute to Chinese basketball.‚Äù ‚Äì @yi_jl‚†ÄAs the leader and veteran of China‚Äôs basketball team Yi Jianlian dreams that the young team will make a mark in this year‚Äôs FIBA World Cup continuing to grow visibility and participation in Chinese basketball.‚†Ä#justdoit #BeTheProof",1757,,"",226753
"2117640335030124621",1566662439,"B1jXqo7goBN",906143,true,,"GraphVideo","https://scontent-sea1-1.cdninstagram.com/v/t51.2885-15/e35/67551802_2348487868605997_6616801610864019130_n.jpg?_nc_ht=scontent-sea1-1.cdninstagram.com&_nc_cat=101&_nc_ohc=QCm6_V8U0qIAX-cFid0&oh=b41d389450cf12a26617f529cd3cf62f&oe=5E8B1D42",937,750,"This is what it looks like to be an 18-time Grand Slam winner. #justdoit",525,,"",148398
"2116915271678572219",1566576059,"B1gyzlEADa7",1361430,true,,"GraphVideo","https://scontent-sea1-1.cdninstagram.com/v/t51.2885-15/e35/67105279_500752453828590_5920578263429239331_n.jpg?_nc_ht=scontent-sea1-1.cdninstagram.com&_nc_cat=106&_nc_ohc=iv-YES9CBe8AX9RKfsm&oh=05e26fbd76ba4a84da58731748d3663a&oe=5E8AE4D6",1681,1080,"‚ÄúMallorca is home. I plan to be here for the rest of my life.‚Äù - @rafaelnadal‚†ÄOn the eastern coast of the Spanish island of Mallorca is the small town of Manacor. It‚Äôs a community known for fishing furniture and a bustling street market.‚†ÄBut above all else it‚Äôs a town known for tennis.‚†ÄTennis legend Rafael Nadal‚Äôs career began here on the red-clay courts sprinkled throughout his hometown of Manacor. And he still calls this place home training and leading the next generation at the Rafa Nadal Academy.‚†ÄThis is his Birthplace of Dreams. #justdoit",993,,"",235854
"2116190893064110410",1566489688,"B1eOGe6AMFK",880106,true,,"GraphVideo","https://scontent-sea1-1.cdninstagram.com/v/t51.2885-15/e35/69829279_1253218858172462_2031399816380260279_n.jpg?_nc_ht=scontent-sea1-1.cdninstagram.com&_nc_cat=102&_nc_ohc=8DuJ8dpJEKcAX8YW4b5&oh=c9997909ef45d028a8aad81260695f5c&oe=5E8ACEC7",1333,750,"""I want to make sure that they‚Äôre growing up in a world better than the one we are currently living in.‚Äù - @kobebryant‚†ÄAs the coach of his daughter Gianna‚Äôs basketball team Kobe‚Äôs belief in the power of sport lives past his own career.‚†ÄIt‚Äôs that same belief that led him to create Mamba League.‚†ÄToday Mamba League provides access to basketball to all kids giving them skills to change their life both on and off the court. #justdoit #madetoplay‚†ÄJoin us at: https://swoo.sh/33BcZ1e",1108,,"",218917
"2114742114595355521",1566317039,"B1ZEr-0A7uB",978100,true,,"GraphVideo","https://scontent-sea1-1.cdninstagram.com/v/t51.2885-15/e35/68904164_2169630526668534_8838662917302527797_n.jpg?_nc_ht=scontent-sea1-1.cdninstagram.com&_nc_cat=1&_nc_ohc=dFNlEq-bOtsAX-DOYLq&oh=09b0cb06ab6062a8e1927422a3734291&oe=5E8B43BB",1680,1080,"‚ÄúIt doesn‚Äôt matter whether you‚Äôre poor or rich where you‚Äôre from what religion you follow what language you speak everyone is equal on the pitch.‚Äù - Rascha Ahmad‚†ÄRascha Ahmad was born and raised by immigrant parents in Neuk√∂lln‚Äîa multicultural neighborhood in Berlin.‚†ÄOver the last few years millions of refugees have joined them in Germany.‚†ÄSome argue their differences divide them. But through sport Berlin Kickt brings them together. #justdoit #madetoplay @buntkicktgut.berlin @theirc‚†ÄJoin us at: https://swoo.sh/33BcZ1e",705,,"",182886
"2111839951321621890",1565971151,"B1Owz8pAOWC",1245304,true,,"GraphVideo","https://scontent-sea1-1.cdninstagram.com/v/t51.2885-15/e35/68746279_442817276311066_5465870261801916787_n.jpg?_nc_ht=scontent-sea1-1.cdninstagram.com&_nc_cat=110&_nc_ohc=QPzOXOMq8rAAX9o1ide&oh=9953fb7b127e36d7902d1e7a38afd517&oe=5E8B3FEE",1333,750,"‚†Ä‚ÄúMany of the children‚Äôs physical fitness is very poor now. Although I can‚Äôt spend a lot of money to buy equipment for the children I can create equipment for them with my hands.‚Äù - Lin MeizhenAt Xianling Primary School physical activity was at a low point. They needed equipment to motivate the kids but didn‚Äôt have the funding to buy any. Then one curious PE teacher decided to shift herperspective.#justdoit #madetoplayFind out how you can take action: https://swoo.sh/33BcZ1e",1344,,"",228442
"2110480712166727488",1565809014,"B1J7waiAt9A",1223979,true,,"GraphVideo","https://scontent-sea1-1.cdninstagram.com/v/t51.2885-15/e35/67528970_492390278255631_45662179485833729_n.jpg?_nc_ht=scontent-sea1-1.cdninstagram.com&_nc_cat=103&_nc_ohc=Jk-x2BKk5pAAX-gWxCh&oh=1bb4b1e02bf0b277474e199cdf117b3a&oe=5E8B2040",1680,1080,"‚ÄúEverything that was taken from me every opportunity I was denied... That‚Äôs what I want these kids to have.‚Äù - @forrestneide‚†ÄThe five square miles of Capao Redondo Brazil were once notorious for violence.‚†ÄIt was here that Neide lost her husband and then her son. After their deaths she created @projetovidacorrida and discovered a second life as a second mother to an entire neighborhood of children.‚†ÄSome thought that violence would always shape the people of Cap√£o Redondo‚Äôs story. But through sport they‚Äôve changed the narrative. #justdoit #madetoplay‚†ÄFind out how you can take action: https://swoo.sh/33BcZ1e",1131,,"",238347
"2108942653239429056",1565625623,"B1EeCtiAYfA",612137,true,,"GraphVideo","https://scontent-sea1-1.cdninstagram.com/v/t51.2885-15/e35/67782233_111185936724493_6931063042420245902_n.jpg?_nc_ht=scontent-sea1-1.cdninstagram.com&_nc_cat=101&_nc_ohc=M31uxAiLS2wAX9mYPXy&oh=3d62ee1df7ef804688807990c5a6f034&oe=5E8AD0C1",937,750,"‚ÄúIf you're looking to start running or swimming or playing baseball or whatever you want to do take one step towards that every day. Go out and run a mile or go look for a pool to jump into. It‚Äôs just a matter of taking that first step‚Äîbecause that one step can change everything.‚Äù - @wicked.la",815,,"",133018
"2103870597846057703",1565020940,"B0ycyl2AMLn",,false,,"GraphImage","https://scontent-sea1-1.cdninstagram.com/v/t51.2885-15/e35/p1080x1080/66659123_618454438679095_1838039770902974544_n.jpg?_nc_ht=scontent-sea1-1.cdninstagram.com&_nc_cat=107&_nc_ohc=DtE5wuqdMGAAX-_U4xV&oh=ac8e979fae9cc4353911a02164e2a43f&oe=5EB36FCF",1350,1080,"‚ÄúPain goes away. But the pride of knowing you gave everything? That‚Äôll stick with you forever.‚Äù -@mathewfras‚†ÄMat defended his title as the Fittest Man on Earth by winning his fourth-straight CrossFit Games championship proof that Hard Work Pays Off. #HWPO #justdoit",1849,,"",458553
"2100970315684398883",1564675242,"B0oJV7mAkcj",925110,true,,"GraphVideo","https://scontent-sea1-1.cdninstagram.com/v/t51.2885-15/e35/67131939_2365117850443324_4729127630306517434_n.jpg?_nc_ht=scontent-sea1-1.cdninstagram.com&_nc_cat=104&_nc_ohc=LTLjEZROR7AAX_ePRyg&oh=d7d4535f9ad912530fea6fbd6fa734f5&oe=5E8AD3B9",937,750,"This is what it looks like to be two of the world‚Äôs best beach volleyball players #justdoit",920,,"",151448
"2099490329731330549",1564498772,"B0i41TRAPH1",,false,,"GraphImage","https://scontent-sea1-1.cdninstagram.com/v/t51.2885-15/e35/p1080x1080/62253715_335120147370866_4642319047874987284_n.jpg?_nc_ht=scontent-sea1-1.cdninstagram.com&_nc_cat=102&_nc_ohc=MCJbBx9rqbsAX_QLWJx&oh=2edc17726afad3418174656f024eba09&oe=5EB345D7",1349,1080,"‚ÄúYour team is your family and it‚Äôs for them that you want to play.‚Äù‚†ÄKristina left her parents to pursue her dream of playing football for her country. Sharing a bed with her grandma as she trains at her club in Moscow she‚Äôs doing whatever it takes to represent Russia.‚†ÄFollow her story in ‚ÄôSpit Fire Dream Higher‚Äô‚Äîour latest collaboration with @adwoaaboah and @gurlstalk.",878,,"",222411
"2094447118054866919",1563897574,"B0Q-I6YgD_n",,false,,"GraphImage","https://scontent-sea1-1.cdninstagram.com/v/t51.2885-15/e35/p1080x1080/65888406_461255107994698_6574558543237240297_n.jpg?_nc_ht=scontent-sea1-1.cdninstagram.com&_nc_cat=110&_nc_ohc=A7__4ta9iM8AX9xQghW&oh=ce5e1ee958cf5359273f35ad8ae7bbb7&oe=5EB1041E",1349,1080,"‚ÄúFootball means everything to me. I want to play football forever. I do.‚Äù‚†ÄFootball is Londiwe‚Äôs life keeping her off the streets of Johannesburg and bonded to her teammates with a shared love of the beautiful game.‚†ÄFollow her story in ‚ÄòSpit Fire Dream Higher‚Äô ‚Äì our latest collaboration with @adwoaaboah and @gurlstalk.",878,,"",160144
"2090133974927245495",1563383476,"B0Bpca0g4C3",1299386,true,,"GraphVideo","https://scontent-sea1-1.cdninstagram.com/v/t51.2885-15/e35/66158930_2330976940318876_1675866384020136223_n.jpg?_nc_ht=scontent-sea1-1.cdninstagram.com&_nc_cat=104&_nc_ohc=Rju7kbXfH50AX-fHZNF&oh=2f9306f74482555fcde6d352586501d0&oe=5E8ABDBE",937,750,"This is what it looks like to be golf‚Äôs 15x major winner. #justdoit",1182,,"",160449
"2089451654723024757",1563302069,"Bz_OTWnHjd1",,false,,"GraphImage","https://scontent-sea1-1.cdninstagram.com/v/t51.2885-15/e35/p1080x1080/65917197_2550224731873968_9019717924268536483_n.jpg?_nc_ht=scontent-sea1-1.cdninstagram.com&_nc_cat=100&_nc_ohc=jTT1qowWQMgAX-gjLYr&oh=c23019c7487047645ce0419edadefeb5&oe=5EB083C9",1349,1080,"‚ÄúWhen you stop thinking about things that have happened in the past and focus on this moment you achieve greatness. Your destiny is in your hands.‚Äù Precious trains at Right to Dream Academy‚Äîthe first women‚Äôs football academy in West Africa. On and off the pitch she‚Äôs proving that young women can take control of their lives and achieve incredible things.Follow her story in ""Spit Fire Dream Higher""‚Äîour latest collaboration with @adwoaaboah and @gurlstalk.",670,,"",184285
"2084320265889797880",1562690359,"Bzs_j0Wglb4",,false,,"GraphSidecar","https://scontent-sea1-1.cdninstagram.com/v/t51.2885-15/e35/p1080x1080/62251628_345405046130495_6290696440123595162_n.jpg?_nc_ht=scontent-sea1-1.cdninstagram.com&_nc_cat=111&_nc_ohc=nrbfhoC3BywAX9paNI2&oh=78a54e1762c3c88ecbbff40d902864f1&oe=5EB34F98",1348,1080,"‚Äú‚ÄòSpit Fire Dream Higher‚Äô is the culmination of an incredible journey to unearth girls from around the world who have fought through oppression and continue to be resilient through their love for football. The documentary truly celebrates them and the grassroots communities they are a part of.‚Äù- @adwoaaboah‚†ÄDon‚Äôt change your dream change the world. #justdoit",1119,,"",237208
"2082878885955014079",1562518533,"Bzn30-rgo2_",,false,,"GraphImage","https://scontent-sea1-1.cdninstagram.com/v/t51.2885-15/e35/p1080x1080/65002603_462043741007993_8010689700360262645_n.jpg?_nc_ht=scontent-sea1-1.cdninstagram.com&_nc_cat=105&_nc_ohc=KfNrwtxOzp8AX-x_vIN&oh=0ad8e3b30844efe604d4ab94f5f8bc39&oe=5EB3A9BF",1350,1080,"Few make history. Fewer change it.‚†ÄDon‚Äôt change your dream. Change the world. #justdoit",3106,,"",540656
"2077974035475693967",1561933830,"BzWcmAtA4GP",,false,,"GraphImage","https://scontent-sea1-1.cdninstagram.com/v/t51.2885-15/e35/p1080x1080/64614544_419062322153946_1906333378240589823_n.jpg?_nc_ht=scontent-sea1-1.cdninstagram.com&_nc_cat=106&_nc_ohc=rLorSs-Qqt4AX8Sb1GY&oh=8b729a7381e5e2d76073e29e1bd3bc78&oe=5EB32B8A",1350,1080,"‚ÄúI fight for my people I fight for everyone. Sport should be an equal language for all.‚Äù - @castersemenya800m #justdoit",7168,,"",297476
"2077718793295175868",1561903429,"BzVijv5gyC8",1837345,true,,"GraphVideo","https://scontent-sea1-1.cdninstagram.com/v/t51.2885-15/e35/64544756_2422617341358367_2262742573842088812_n.jpg?_nc_ht=scontent-sea1-1.cdninstagram.com&_nc_cat=107&_nc_ohc=61I99GVIzesAX93PDrZ&oh=fb7f92ce314d4d1c1a24a9f247d13221&oe=5E8ABFDD",1138,640,"‚ÄúThe traditional player? Maybe a little boring.‚Äù @elisvitolina‚†ÄThe traditional tennis player? She‚Äôs quiet. Respectful. Conservative.‚†ÄBut Elina Svitolina? She ºs outspoken. Defiant. Rebellious.‚†ÄTraditionally she doesn't fit in. And that ºs what makes her stand out. #justdoit",1061,,"",302455
"2074818252084657276",1561557664,"BzLPDUZALx8",2064348,true,,"GraphVideo","https://scontent-sea1-1.cdninstagram.com/v/t51.2885-15/e35/64639457_640446069754541_8267422395165273950_n.jpg?_nc_ht=scontent-sea1-1.cdninstagram.com&_nc_cat=105&_nc_ohc=M1siDiErT_0AX_6wUos&oh=0f50bb868a2306f1b026b3f22a0eb993&oe=5E8AF10F",1138,640,"‚ÄúI never feel like I have to be stuck in any sort of lines.‚Äù @madisonkeys‚†ÄTennis is a sport with definitive lines. These lines tell you when where and how you should play.‚†ÄIn a lot of ways the same can be said for athletes who play the game. They ºre reminded that there ºs a right and a wrong way to act. Some are even told to be prim proper and ‚Äúladylike.""‚†ÄMadison doesn ºt fit the mold. But she ºs happy to break it. #justdoit",978,,"",246345
"2073429165306141528",1561392090,"BzGTNchAdtY",2341255,true,,"GraphVideo","https://scontent-sea1-1.cdninstagram.com/v/t51.2885-15/e35/64980273_1023547451368378_19913026618882021_n.jpg?_nc_ht=scontent-sea1-1.cdninstagram.com&_nc_cat=110&_nc_ohc=_G74MDGsGhEAX87abTp&oh=676fb0211dc6ed5780dcc84f7b55cb0c&oe=5E8B10B2",1333,750,"‚ÄúIt all began in Sepolia.‚Äù @giannis_an34Giannis Antetokounmpo's story starts to take shape in a small neighborhood in Athens. It‚Äôs here where he first learned to love the game of basketball.With Giannis as the host we go back to the beginning. We go back to streets of Sepolia.This is his Birthplace of Dreams. #justdoit",1669,,"",441890
"2071249098400465231",1561132764,"By-jhS_ggFP",2501543,true,,"GraphVideo","https://scontent-sea1-1.cdninstagram.com/v/t51.2885-15/e35/62381254_114351959835838_4029074127825856810_n.jpg?_nc_ht=scontent-sea1-1.cdninstagram.com&_nc_cat=110&_nc_ohc=TYtnPbVhff8AX-cRmTD&oh=e2ab8d2d2cc97e5c0a7d858edbf0a228&oe=5E8AD073",1333,750,"‚ÄúYou can‚Äôt be what you can‚Äôt see.‚Äù - Makena‚†ÄThe athlete who inspired some of the world‚Äôs best isn‚Äôt even on a roster this summer. She isn‚Äôt a professional soccer player. She isn‚Äôt even being recruited. (Yet.)‚†ÄShe‚Äôs a ten-year-old girl. Meet Makena. #justdoit",1775,,"",391050
"2065458534765590363",1560441911,"Byp-5gXAHdb",743732,true,,"GraphVideo","https://scontent-sea1-1.cdninstagram.com/v/t51.2885-15/e35/64386474_649262428869398_5769704757423709882_n.jpg?_nc_ht=scontent-sea1-1.cdninstagram.com&_nc_cat=102&_nc_ohc=ZaETOG8vAIcAX8ruLL6&oh=48a75d6a64a0d60e87f14d244679e0a2&oe=5E8AD3D8",937,750,"When we win it won‚Äôt be by ourselves. #betrue #untilweallwin‚†Ä@casterSemenya800m @TheChrisMosier @ScoutBassett @KerronClement @MarkMcKenzie4 @EricKoston @Elissa_Steamer @Daaarkness @SBird10 @BrittneyYvetteGriner @jaeecan @Jewellloyd",1153,,"",134815
"2062565037494528092",1560097128,"Byfs_lCAGhc",4246218,true,,"GraphVideo","https://scontent-sea1-1.cdninstagram.com/v/t51.2885-15/e35/61783432_2378642772417763_6038060636051578331_n.jpg?_nc_ht=scontent-sea1-1.cdninstagram.com&_nc_cat=107&_nc_ohc=qcL4hbrki1YAX_H-KxH&oh=6ff6b5fcfdbadb38e0da19920d7b0278&oe=5E8B509F",937,750,"Crazy dreams take crazy effort.‚†Ä18 career majors. 12 French titles. Congratulations @rafaelnadal. #justdoit",6355,,"",789944
"2061168133732993186",1559930410,"ByavX9Bgoii",,false,,"GraphImage","https://scontent-sea1-1.cdninstagram.com/v/t51.2885-15/e35/61792342_178636806466392_6826920239622791655_n.jpg?_nc_ht=scontent-sea1-1.cdninstagram.com&_nc_cat=100&_nc_ohc=LyMTax6-ddAAX-VGesr&oh=2f77070a3e3e73d805d5a0eccb51b478&oe=5EB075BE",1350,1080,"‚ÄúWhatever happens we‚Äôre a team. In defeat as much as in victory. It‚Äôs impossible to win by yourself.‚Äù @amandine_henry‚†ÄWhen Amandine Henry and her teammates were young they could only dream of an opportunity like this.‚†ÄToday that dream becomes reality.‚†ÄDon‚Äôt change your dream. Change the world. #justdoit",937,,"",299482
"2058459156242997213",1559607475,"ByRHbJIg5_d",,false,,"GraphImage","https://scontent-sea1-1.cdninstagram.com/v/t51.2885-15/e35/p1080x1080/61613926_447049242728039_817561948302372053_n.jpg?_nc_ht=scontent-sea1-1.cdninstagram.com&_nc_cat=111&_nc_ohc=j7-a6sPimyMAX84vOAi&oh=eabe8bf978dbaa91b83c9e961a1ebba8&oe=5EB43823",1350,1080,"‚ÄúEven if I were born again I‚Äôd still play football.‚Äù @ji_soyun10‚†ÄJi So-Yun's dream isn‚Äôt to be one of the best female football players in the world.‚†ÄJi dreams of becoming one of the best players in the world period. #justdoit",1014,,"",185903
"2056700185228271792",1559397789,"ByK3evuAuCw",,false,,"GraphImage","https://scontent-sea1-1.cdninstagram.com/v/t51.2885-15/e35/p1080x1080/60132913_223484285278082_2443569383845081949_n.jpg?_nc_ht=scontent-sea1-1.cdninstagram.com&_nc_cat=102&_nc_ohc=ODQVNE9tg1gAX8c8DEP&oh=212283eb15d628f8ca3aa6b8066d021f&oe=5EB1A690",1350,1080,"‚ÄúIt‚Äôs important for girls to believe in themselves because if you believe in yourself that means you can do anything.‚Äù - Makena Age 9 #justdoit",2215,,"",476937
"2053521661445054656",1559019525,"Bx_kxIxAKDA",1754103,true,,"GraphVideo","https://scontent-sea1-1.cdninstagram.com/v/t51.2885-15/e35/60822847_360131177839501_566484062819296874_n.jpg?_nc_ht=scontent-sea1-1.cdninstagram.com&_nc_cat=101&_nc_ohc=RbH1GkiI6LQAX_moHrj&oh=cf310409ef3b6f4cb6e7dba50e1dff58&oe=5E8B313F",1333,750,"‚ÄúWhatever happens we‚Äôre a team. In defeat as much as in victory. It‚Äôs impossible to win by yourself. Impossible. And I think that if you perform well individually you‚Äôll perform well collectively.‚Äù‚†ÄFrench midfield general Amandine Henry knows it takes a whole team to win and now as captain of her country she‚Äôs not afraid to lead that team.‚†ÄDon‚Äôt change your dream. Change the world. #justdoit",1207,,"",334301
"2052071963601636459",1558846495,"Bx6bJQcA4xr",2492074,true,,"GraphVideo","https://scontent-sea1-1.cdninstagram.com/v/t51.2885-15/e35/61038757_110931493325772_8431069859143587300_n.jpg?_nc_ht=scontent-sea1-1.cdninstagram.com&_nc_cat=100&_nc_ohc=nZuepR0jbOwAX_RMZrq&oh=cfc2186e920d2dd5b87166e9fa488b84&oe=5E8B082A",1333,750,"‚ÄúI‚Äôm really happy to be able to inspire the next generation of girls. That they now have female role models and can see what they can achieve so that they‚Äôll work hard and eventually follow in my footsteps.‚Äù‚†ÄAs a child Netherlands‚Äô star Lieke Martens told everyone she wanted to become a professional footballer. When they replied: ‚ÄúDream on girl‚Äù that‚Äôs exactly what she did.‚†ÄDon‚Äôt change your dream. Change the world. #justdoit",1317,,"",409337
"2050961090620435525",1558713636,"Bx2ej7WlCxF",,false,,"GraphImage","https://scontent-sea1-1.cdninstagram.com/v/t51.2885-15/e35/60178074_434377887350790_7497081954574062182_n.jpg?_nc_ht=scontent-sea1-1.cdninstagram.com&_nc_cat=106&_nc_ohc=lzikumcRp74AX8P6NnP&oh=3152629184f1f2d866205eb8156096a6&oe=5EB08E06",1350,1080,"‚ÄúOne of the biggest things is just trusting yourself.‚Äù @naomiosaka‚†ÄJust because your situation changes doesn‚Äôt mean you have to. #justdoit",760,,"",251453
"2050626700858275147",1558674267,"Bx1Sh6nlrVL",2006714,true,,"GraphVideo","https://scontent-sea1-1.cdninstagram.com/v/t51.2885-15/e35/59953082_454713808630984_5820698639956659551_n.jpg?_nc_ht=scontent-sea1-1.cdninstagram.com&_nc_cat=104&_nc_ohc=UpkCoh2yRXAAX-QA1_i&oh=e62ee35349edf0b25e61cd457a548756&oe=5E8B4696",1333,750,"‚ÄúFind your joy and make sure that you give 100 percent in everything you do.‚Äù‚†ÄEngland striker Fran Kirby never changed her dream of playing for England even though there was a time she fell out of love with football. But her dream was always there and she rediscovered her love for the game. This summer she prepares to return with the Lionesses again on the world‚Äôs biggest stage.‚†ÄDon‚Äôt change your dream. Change the world. #justdoit",857,,"",413030
"2050171635374555080",1558619791,"BxzrD13FP_I",1255720,true,,"GraphVideo","https://scontent-sea1-1.cdninstagram.com/v/t51.2885-15/e35/59613924_142638650189339_2849877975017722328_n.jpg?_nc_ht=scontent-sea1-1.cdninstagram.com&_nc_cat=111&_nc_ohc=3EB81LQXLvYAX8iNhmY&oh=a05c72136e5e494a18e1d9e80cf7a988&oe=5E8ACF0A",1333,750,"‚ÄúHe‚Äôs always trying to push me because he knows I‚Äôm going to improve.‚Äù @carogarciaSometimes your first coach is your best one.Caroline's father has guided her from her first tournament to her latest one. Challenging her and comforting her. Pushing her and patting her on the back. Celebrating and commiserating.Traditionally elite tennis players move on. They ‚Äúgrow up‚Äù and work with someone else. Obviously Caroline is anything but traditional. #justdoit",667,,"",256880
"2049177263900352664",1558501994,"BxwI91QlmCY",1414862,true,,"GraphVideo","https://scontent-sea1-1.cdninstagram.com/v/t51.2885-15/e35/59720665_180813786243155_4393028830673199698_n.jpg?_nc_ht=scontent-sea1-1.cdninstagram.com&_nc_cat=111&_nc_ohc=LUqmz3_5aksAX_ajUHW&oh=e49fc210353da0944efe81acc5b22218&oe=5E8B17F9",1333,750,"""Talent is not enough it's important to be determined and disciplined.""‚†ÄGerman midfielder Sara D√§britz always knew she was going to turn her childhood dream of becoming a professional footballer into a reality. So now it‚Äôs time for a new dream: that women‚Äôs games will sell out stadiums.‚†ÄDon‚Äôt change your dream. Change the world. #justdoit",724,,"",344963
"2048014826463522303",1558362572,"BxsAqJCF23_",2682712,true,,"GraphVideo","https://scontent-sea1-1.cdninstagram.com/v/t51.2885-15/e35/60430752_347036336165365_1932617863529923288_n.jpg?_nc_ht=scontent-sea1-1.cdninstagram.com&_nc_cat=101&_nc_ohc=29qZQF7XUCcAX-PODhJ&oh=75226290666f424f0687cdb56f496d0e&oe=5E8ADFD6",1679,1080,"‚ÄúIf you look around the tennis world all of the players are much taller than me. But I don‚Äôt feel small.‚Äù @simonahalep‚†ÄAs a child when Simona Halep told the world that she wanted to be the next great tennis player they laughed at her. They said that she was too small.‚†ÄYou know what Simona told us? They were right. Size matters.‚†ÄBut it isn‚Äôt height or weight that counts. It's the size of your heart. #justdoit",1277,,"",329135
"2045170429292062864",1558023378,"Bxh56tvFiiQ",1472484,true,,"GraphVideo","https://scontent-lga3-1.cdninstagram.com/v/t51.2885-15/e35/59843280_407396066797707_5687249258219992705_n.jpg?_nc_ht=scontent-lga3-1.cdninstagram.com&_nc_cat=103&_nc_ohc=gVFl-R7WAHcAX_lKVDa&oh=3dd3ef83f380f5ea2132d2df2ca15574&oe=5E8AE0EE",1333,750,"‚ÄúThere was a time where my Mom was using a kettle to warm up water so we could have showers.‚Äù @jasondayofficial‚†ÄYou don‚Äôt have to have much to have a dream.‚†ÄWhen Jason Day was a kid he didn‚Äôt have a bag full of fancy clubs. He didn‚Äôt have a country club membership. And at times he didn‚Äôt even have hot water.‚†ÄBut none of that stopped him from the chase. #justdoit",934,,"",360989
"2044437109032707511",1557936131,"BxfTLgBhWW3",804535,true,,"GraphVideo","https://scontent-lga3-1.cdninstagram.com/v/t51.2885-15/e35/59635452_349254415948922_8606102658005051915_n.jpg?_nc_ht=scontent-lga3-1.cdninstagram.com&_nc_cat=102&_nc_ohc=iVm9fEAod3AAX-saTcl&oh=536f7f9009c6336386cdbcd4d2ef242c&oe=5E8B0A74",937,750,"This is what it looks like to be one of the world‚Äôs best tuberiders. #justdoit",888,,"",266864
"2032836281244783084",1556554067,"Bw2FdPOHxHs",2055483,true,,"GraphVideo","https://scontent-lga3-1.cdninstagram.com/v/t51.2885-15/e15/57198881_2155770777832667_6774650129263427995_n.jpg?_nc_ht=scontent-lga3-1.cdninstagram.com&_nc_cat=111&_nc_ohc=hA2303Vt11EAX8WQQo7&oh=9fcbd7811536bd950a9d84575a6a409f&oe=5E8B3D8A",1333,750,"‚ÄúNo one can ever say you can‚Äôt do something. If I fail I‚Äôll see that for myself. But let me try let me fly and I‚Äôll find out.‚Äù‚†ÄEver since he was a kid @AlexRoca91‚Äôs Crazy Dream was always there. At first doctors said he was crazy to even walk. Now he‚Äôs training to become the first athlete with cerebral palsy to finish the 600km Titan Desert Race one of the toughest races on the planet. #justdoit",2925,,"",520198
"2031972752274354680",1556450049,"BwzBHPMlfH4",,false,,"GraphImage","https://scontent-lga3-1.cdninstagram.com/v/t51.2885-15/e35/57623869_619757118492729_5675759936122563785_n.jpg?_nc_ht=scontent-lga3-1.cdninstagram.com&_nc_cat=109&_nc_ohc=ns9GS3JjVMQAX8Q_bPM&oh=7f27532448c5bfb72b43c3af7f6a0a28&oe=5EB077BC",1350,1080,"‚ÄúBelieve in yourself and trust that your mind and heart can break barriers.‚Äù @kipchogeeliud‚†ÄIt takes more than elite endurance to win a world championship. More than a timely kick to take home a gold medal. More than a stubborn work ethic to break a world record.‚†ÄIt takes a whole lot of belief. And that same belief carried Eliud Kipchoge to win today in London. #justdoit",1623,,"",394577
"2031390529947107813",1556380821,"Bww8uyZlwHl",2244537,true,,"GraphVideo","https://scontent-lga3-1.cdninstagram.com/v/t51.2885-15/e35/57190457_130356551466475_3334839094757680279_n.jpg?_nc_ht=scontent-lga3-1.cdninstagram.com&_nc_cat=107&_nc_ohc=tkp0YnocP6YAX-v3-sk&oh=f8054cf8795244984126e9d8563ed2f6&oe=5E8AC91E",1333,750,"‚ÄúMost people think that there is a limit but there is always more.‚Äù @gomofarah‚†ÄFor most people this isn‚Äôt what retirement looks like. Most people relax. They spend less time on the road and more time at home. Most people slow down.‚†ÄObviously Mo Farah is not most people. #justdoit",1533,,"",455102
"2021468902165625861",1555197893,"BwNs0GeFLwF",,false,,"GraphImage","https://scontent-lga3-1.cdninstagram.com/v/t51.2885-15/e35/56823635_883125535365886_6236399074288962594_n.jpg?_nc_ht=scontent-lga3-1.cdninstagram.com&_nc_cat=110&_nc_ohc=32FS1rWOCcgAX8aKkEa&oh=051e686540a0fa975b7ec16931bf7153&oe=5EB1A661",1350,1080,"‚ÄúIt is great to see the trend of women coming to the marathon taking on the challenge and really growing with it.‚Äù - @paula_radcliffe‚†ÄTomorrow 60000 runners will line up in Paris. That‚Äôs 60000 runners who‚Äôve committed weekends early mornings late nights some sanity and a few toenails to run 26.2 miles. Yeah they‚Äôve given up a lot. But it‚Äôs nothing compared to what they‚Äôve gained.‚†ÄFollow @nikerunning to support @voltwomen. #justdoit",1287,,"",390432
"2005299699478035988",1553270456,"BvUQXO_lf4U",3302628,true,,"GraphVideo","https://scontent-lga3-1.cdninstagram.com/v/t51.2885-15/e15/54731781_2296360830634711_251582065138472241_n.jpg?_nc_ht=scontent-lga3-1.cdninstagram.com&_nc_cat=107&_nc_ohc=h2Nf0fT3U2sAX8nDbMY&oh=79543ee79aa56ec8fc28149a0b82b413&oe=5E8AF427",937,750,"This is what it looks like to be a two-time figure skating Olympic medalist. @jmedvedevaj #justdoit",3152,,"",329176
"2004573164043243828",1553183833,"BvRrKwJFBE0",4439019,true,,"GraphVideo","https://scontent-lga3-1.cdninstagram.com/v/t51.2885-15/e15/53815160_843805729291960_3719805032936296824_n.jpg?_nc_ht=scontent-lga3-1.cdninstagram.com&_nc_cat=104&_nc_ohc=9Owh3rpRjIcAX-GTOis&oh=99b9b5f890d2ad1a0d024ff8ab90cbb1&oe=5E8B5A51",1333,750,"‚ÄúThe most important thing for me is to do everything from the heart.‚Äù‚†ÄEvgenia Medvedeva‚Äôs crazy dream isn‚Äôt to win a world championship. She‚Äôs done that twice. It isn‚Äôt to make it to the Olympics. She‚Äôs brought home two medals. It isn‚Äôt even to break a world record. Because she‚Äôs already shattered one.‚†ÄEvgenia‚Äôs crazy dream isn‚Äôt an accolade or accomplishment. It isn't written in a record book. It‚Äôs written on her heart. #justdoit",3380,,"",559334
"1999507931725590978",1552580064,"Bu_rd68FHHC",2368480,true,,"GraphVideo","https://scontent-lga3-1.cdninstagram.com/v/t51.2885-15/e15/52740126_141501770223798_2667501570479321037_n.jpg?_nc_ht=scontent-lga3-1.cdninstagram.com&_nc_cat=106&_nc_ohc=ArXDrhUgKGkAX9-vg9z&oh=f68f1a4034ca80523eb300852e7b7978&oe=5E8AED30",1333,750,"Sam KerrFour Time Golden Boot WinnerPerth AustraliaIntroducing Birthplace of Dreams. Stream the series premiere featuring @samanthakerr20 on IGTV now. #justdoit",1705,,"",432747
"1997355207236080024",1552323316,"Bu4B_qBlVGY",,false,,"GraphImage","https://scontent-lga3-1.cdninstagram.com/v/t51.2885-15/e35/53869360_619750001800323_2028243110331290389_n.jpg?_nc_ht=scontent-lga3-1.cdninstagram.com&_nc_cat=103&_nc_ohc=LWbHORa0Le4AX_mNL3e&oh=8eb384ddf279bc1c07f94eea54e8fa9c&oe=5EB38DEA",1350,1080,"‚ÄúWorld‚Äôs greatest selfie? I‚Äôd like to think so.‚Äù ‚Äî @samanthakerr20‚†ÄFirst find a crazy dream. Then find the others whose dreams are just as crazy. #justdoit",1807,,"",368590
"1993699697697907896",1551888112,"BurC0_eFmS4",2340903,true,,"GraphVideo","https://scontent-lga3-1.cdninstagram.com/v/t51.2885-15/fr/e15/p1080x1080/51936955_2314186668800986_4192165048082646952_n.jpg?_nc_ht=scontent-lga3-1.cdninstagram.com&_nc_cat=110&_nc_ohc=iEEKedmAyOMAX9rhPJL&oh=f96f17333d496dd0918c4de18e114e0a&oe=5E8B3168",1680,1080,"‚ÄúAt the end of the day it‚Äôs all about opportunity. My goal is to knock down the door.‚Äù @ayesuppose‚†ÄAyesha McGowan‚Äôs crazy dream isn‚Äôt just for her. It‚Äôs for an entire generation of black women who come after her. #justdoit",1871,,"",399908
"1992325620873821444",1551723980,"BumKZitF_0E",3796698,true,,"GraphVideo","https://scontent-lga3-1.cdninstagram.com/v/t51.2885-15/fr/e15/p1080x1080/51782864_400606464057901_4312969421302452018_n.jpg?_nc_ht=scontent-lga3-1.cdninstagram.com&_nc_cat=101&_nc_ohc=3evQKGzHAvEAX--WoGI&oh=a050d76d8ac1ac8770de052739c2cf3a&oe=5E8B4B04",1680,1080,"‚ÄúAny dream is possible. If you just want this crazy dream to happen you just have to put the work in.""‚†ÄYou know what some people consider a crazy dream? A body positive world. One that's full of confidence. A world that‚Äôs dripping in self-love.‚†ÄBut that‚Äôs the ""crazy‚Äù world that Montgomery‚Äôs Honeybeez are fighting for. #justdoit",6996,,"",506237
"1989389998973491310",1551373863,"Bubu6nwh5hu",3190323,true,,"GraphVideo","https://scontent-lga3-1.cdninstagram.com/v/t51.2885-15/e15/52708802_116782506131184_6819952450490875706_n.jpg?_nc_ht=scontent-lga3-1.cdninstagram.com&_nc_cat=100&_nc_ohc=35cJDW4f1OkAX9JkROP&oh=4e3c5b5d4e2f35dd484faf45712d5052&oe=5E8B48CC",950,612,"‚ÄúYou have to strive to not be how people expect you to be.‚Äù‚†ÄSee what a crazy dream did for a small school in Memphis. #justdoit",3269,,"",507171
"1987935421888495983",1551200391,"BuWkLvSFIFv",,false,,"GraphImage","https://scontent-lga3-1.cdninstagram.com/v/t51.2885-15/e35/51438202_411416526272873_1996864940145099479_n.jpg?_nc_ht=scontent-lga3-1.cdninstagram.com&_nc_cat=105&_nc_ohc=an5hwTvn-NcAX929xZL&oh=6bc093d8a792c9d7e08202e0a3baa19b&oe=5EB41DD3",1350,1080,"‚ÄúI just tell myself don‚Äôt quit. This is what you were born into this world for it‚Äôs for boxing.‚Äù‚†ÄA crazy dream can do a lot of things. It can challenge you. Push you. Keep you from quitting.‚†ÄOr in 14-year-old Chantel Navarro‚Äôs case it can carry forward a family tradition.‚†ÄMeet the latest in a long line of Navarro boxers on IGTV.  #justdoit",1173,,"",379382
"1983072097644361626",1550620637,"BuFSZDoFLea",,false,,"GraphImage","https://scontent-lga3-1.cdninstagram.com/v/t51.2885-15/e35/51135416_549500052214637_6040333441134437788_n.jpg?_nc_ht=scontent-lga3-1.cdninstagram.com&_nc_cat=105&_nc_ohc=eofEvGTHxxYAX8YzcWJ&oh=0e8ce0e982385517fead314f80ce579f&oe=5EB38FF0",1350,1080,"It‚Äôs only a crazy dream until it‚Äôs a reality. #justdoit‚†ÄThe International Boxing Association rewrote the rules allowing women everywhere to box in hijabs. A huge win for @zeina.boxer and for women across the world.",7748,,"",616922
"1971572681699780708",1549249800,"Btcbuh9lGhk",,false,,"GraphImage","https://scontent-lga3-1.cdninstagram.com/v/t51.2885-15/e35/51117073_590936927999314_5084542623808179380_n.jpg?_nc_ht=scontent-lga3-1.cdninstagram.com&_nc_cat=110&_nc_ohc=3ClrKYMI6C4AX90DSRE&oh=655afd9e263499a2ea92f87350d58e14&oe=5EB3FCDF",1350,1080,"One crazy dream turns into another.And another.And another.And another.And another.#justdoit",2813,,"",656880
"1966854726898559097",1548687376,"BtLq_QJlih5",,false,,"GraphImage","https://scontent-lga3-1.cdninstagram.com/v/t51.2885-15/e35/50244782_293910731327318_3777003732808649170_n.jpg?_nc_ht=scontent-lga3-1.cdninstagram.com&_nc_cat=102&_nc_ohc=MHCa2JcC3YsAX-nwXcc&oh=51c305c8c31f8626d85af953d0d4e7a8&oe=5EB06897",1350,1080,"‚ÄúTo dream big requires courage.‚Äù - @iremyamany‚†ÄImagine loving your sport so much that you go a decade without winning a tournament and still don‚Äôt quit. Then one day you win. And then you win again. And again. And again. That‚Äôs how Turkish Taekwondo fighter Irem Yaman finally earned the nickname #Goldhunter. During one of her training days she shared how those years of sacrifice and loss weren‚Äôt always easy. But they were worth it.See Irem‚Äôs full story on @nike IGTV #justdoit",2539,,"",325800
"1964457604223984150",1548401617,"BtDJ8hsFeIW",,false,,"GraphImage","https://scontent-lga3-1.cdninstagram.com/v/t51.2885-15/e35/49787507_2143045385717921_5489807232592041111_n.jpg?_nc_ht=scontent-lga3-1.cdninstagram.com&_nc_cat=105&_nc_ohc=DRIZGRLDypwAX_AItH9&oh=1cc852fcb637db5ac6afb977f77024f4&oe=5EB23EDF",1350,1080,"‚ÄúIt‚Äôs in women‚Äôs nature to be strong.‚Äù - @yasemin.adar‚†ÄBefore Turkish wrestling champion Yasemin Adar became the best people had more to say about her looks and her lifestyle than her talent on the mat. But she kept practicing. Kept working. Kept winning. At the National Wrestling Club in Istanbul she shared what she wants for the future of her sport and showed what true power looks like.See Yasemin‚Äôs full story on @nike IGTV #justdoit",1133,,"",269589
"1963013998648819871",1548229525,"Bs-BtTOlQCf",,false,,"GraphImage","https://scontent-lga3-1.cdninstagram.com/v/t51.2885-15/e35/50244784_284747245547081_6804385872722304751_n.jpg?_nc_ht=scontent-lga3-1.cdninstagram.com&_nc_cat=105&_nc_ohc=BHOjyRA-dIgAX9nBkqh&oh=f4a66e3e47f61b666f5b74c6153cf8e2&oe=5EB2C26B",1350,1080,"‚ÄúWe live in a time where everything should be possible but you have to fight for change.‚Äù - @zeina.boxer‚†ÄGerman boxer Zeina Nassar didn‚Äôt start out looking to change the rules but when she saw that women like her weren‚Äôt allowed to wear hijabs while competing she made it her mission to do exactly that. Now she‚Äôs fighting to change the rules internationally so all women can experience the power of sport.See Zeina‚Äôs full story on @nike IGTV #justdoit",3614,,"",542488
"1961570177033695744",1548057408,"Bs45a7kF_IA",,false,,"GraphImage","https://scontent-lga3-1.cdninstagram.com/v/t51.2885-15/e35/50835102_279656452728223_6698915272247704347_n.jpg?_nc_ht=scontent-lga3-1.cdninstagram.com&_nc_cat=107&_nc_ohc=IZiD06OWXggAX_Q1OCW&oh=b14acd85eb39df892437e24ec9b2ac12&oe=5EB12EE7",1350,1080,"‚ÄúI don‚Äôt wanna be just some other boxer with a good story. I want to be known as a great boxer.‚Äù - @somaliboxer‚†ÄA lot can be said about British boxing champion Ramla Ali‚Äôs past but it doesn‚Äôt define her. In an old local‚Äôs gym in East London she shared what challenged her yesterday what inspires her todayand what she‚Äôs fighting for tomorrow.‚†ÄSee Ramla‚Äôs full story on @nike IGTV #justdoit",1008,,"",386989
"1938650220474093044",1545325137,"BrneBqnF030",,false,,"GraphImage","https://scontent-lga3-1.cdninstagram.com/v/t51.2885-15/e35/46671219_1056790757814775_1702235402708780198_n.jpg?_nc_ht=scontent-lga3-1.cdninstagram.com&_nc_cat=107&_nc_ohc=58PFvd6HahEAX9oWi_t&oh=9356bbe6780c813c86bb8ef7e072b6e7&oe=5EB1B48B",1350,1080,"""It‚Äôs my walk to the ring alone and it‚Äôs my fight to fight alone.‚Äù‚†Ä14 years ago Ghanian-born @boxingbuatsi came to the UK with a crazy dream. This Saturday it‚Äôs on him to keep fighting for it. #justdoit",3838,,"",425717
"1913338343124867327",1542307726,"BqNixX1F5j_",,false,,"GraphImage","https://scontent-lga3-1.cdninstagram.com/v/t51.2885-15/e35/44888728_366789117230379_3116001894511898148_n.jpg?_nc_ht=scontent-lga3-1.cdninstagram.com&_nc_cat=103&_nc_ohc=4t1X9qHNrAMAX-ZEb-K&oh=f10a14fd76c72a0d91f71ff92bb84211&oe=5EB1F0A1",1350,1080,"‚ÄúI want my legacy to be universal.‚Äù @michaelbjordan‚Äôs dreams are bigger than the big screen. #justdoit #creed2",2709,,"",602877
"1903084746164233305",1541085402,"BppHX5glWRZ",,false,,"GraphImage","https://scontent-lga3-1.cdninstagram.com/v/t51.2885-15/e35/44843555_446025549254842_8618238881556943286_n.jpg?_nc_ht=scontent-lga3-1.cdninstagram.com&_nc_cat=110&_nc_ohc=SAFhHpJitkkAX_p6ExG&oh=5bfb6ff8ff6814ff75566f6d07ac9fe9&oe=5EB10E4C",1349,1080,"Don‚Äôt just dream of a place on the podium. Dream of a place in history. #justdoit",3028,,"",566575
"1900550187145214423",1540783259,"BpgHFNel7nX",,false,,"GraphImage","https://scontent-lga3-1.cdninstagram.com/v/t51.2885-15/e35/43817586_2226696797577407_50118261305972085_n.jpg?_nc_ht=scontent-lga3-1.cdninstagram.com&_nc_cat=111&_nc_ohc=mCYJrbnIYZYAX-IQXoa&oh=bbaf5f0dfcdbed7a18017f7245d360e8&oe=5EB4258A",1350,1080,"Don't chase records. Chase history. #justdoit",1828,,"",545428
"1897731530836737740",1540447249,"BpWGMXOlP7M",,false,,"GraphImage","https://scontent-lga3-1.cdninstagram.com/v/t51.2885-15/e35/43778360_920670161463190_6082025112016902967_n.jpg?_nc_ht=scontent-lga3-1.cdninstagram.com&_nc_cat=110&_nc_ohc=_B7YjYf4qxAAX83xXAj&oh=6b1aad53ef24aa86c6b7fc82ff9af37c&oe=5EB37D5C",1350,1080,"""People once told me that I couldn‚Äôt be a wrestler because I‚Äôm a woman.‚ÄùWorld Championship finalist @yasemin.adar keeps doing what she was told she couldn‚Äôt.  #justdoit",1505,,"",378772
"1875022061622504538",1537740069,"BoFaqF5B6xa",,false,,"GraphSidecar","https://scontent-lga3-1.cdninstagram.com/v/t51.2885-15/e35/41451417_161070268150727_6961089035742713002_n.jpg?_nc_ht=scontent-lga3-1.cdninstagram.com&_nc_cat=111&_nc_ohc=jUR3p4-vLB0AX-ZwRqG&oh=aced900224a62eac29a67c4e00ab3714&oe=5EB1223B",1350,1080,"Never stop chasing your crazy dreams. #justdoit",4332,,"",659980